{"cameraMode":{"drawMode":0,"name":"Shaded","section":"Shading Mode"},"sceneLighting":true,"audioPlay":false,"sceneViewState":{"showFog":true,"showMaterialUpdate":false,"showSkybox":true,"showFlares":true,"showImageEffects":true,"showParticleSystems":true},"in2DMode":false,"pivot":{"x":-3.0777487754821779,"y":-0.30904197692871096,"z":7.178134918212891},"rotation":{"x":-0.14429722726345063,"y":-0.7909607887268066,"z":0.2044123113155365,"w":-0.5583759546279907},"size":56.0732536315918,"orthographic":false}